Actor1,Actor2,CommonFilms
Matt Damon,Leonardo DiCaprio,1
Jack Nicholson,Leonardo DiCaprio,1
Mark Wahlberg,Leonardo DiCaprio,1
Leonardo DiCaprio,Matt Damon,1
Jack Nicholson,Matt Damon,1
Mark Wahlberg,Matt Damon,1
Leonardo DiCaprio,Jack Nicholson,1
Matt Damon,Jack Nicholson,1
Mark Wahlberg,Jack Nicholson,1
Leonardo DiCaprio,Mark Wahlberg,1
Matt Damon,Mark Wahlberg,1
Jack Nicholson,Mark Wahlberg,1
Edgar Ramírez,Matthew McConaughey,1
Bryce Dallas Howard,Matthew McConaughey,1
Corey Stoll,Matthew McConaughey,1
Matthew McConaughey,Edgar Ramírez,1
Bryce Dallas Howard,Edgar Ramírez,1
Corey Stoll,Edgar Ramírez,1
Matthew McConaughey,Bryce Dallas Howard,1
Edgar Ramírez,Bryce Dallas Howard,1
Corey Stoll,Bryce Dallas Howard,1
Matthew McConaughey,Corey Stoll,1
Edgar Ramírez,Corey Stoll,1
Bryce Dallas Howard,Corey Stoll,1
James Franco,Zoey Deutch,1
"Tangie Ambrose,Cedric the Entertainer",Zoey Deutch,1
Zoey Deutch,James Franco,1
"Tangie Ambrose,Cedric the Entertainer",James Franco,1
Zoey Deutch,"Tangie Ambrose,Cedric the Entertainer",1
James Franco,"Tangie Ambrose,Cedric the Entertainer",1
Chris Pratt,Jennifer Lawrence,1
"Michael Sheen,Laurence Fishburne",Jennifer Lawrence,1
Jennifer Lawrence,Chris Pratt,1
"Michael Sheen,Laurence Fishburne",Chris Pratt,1
Jennifer Lawrence,"Michael Sheen,Laurence Fishburne",1
Chris Pratt,"Michael Sheen,Laurence Fishburne",1
Diego Luna,Felicity Jones,1
Alan Tudyk,Felicity Jones,1
Donnie Yen,Felicity Jones,1
Felicity Jones,Diego Luna,1
Alan Tudyk,Diego Luna,1
Donnie Yen,Diego Luna,1
Felicity Jones,Alan Tudyk,1
Diego Luna,Alan Tudyk,1
Donnie Yen,Alan Tudyk,1
Felicity Jones,Donnie Yen,1
Diego Luna,Donnie Yen,1
Alan Tudyk,Donnie Yen,1
Jake Gyllenhaal,Amy Adams,1
Michael Shannon,Amy Adams,1
Aaron Taylor-Johnson,Amy Adams,1
Amy Adams,Jake Gyllenhaal,1
Michael Shannon,Jake Gyllenhaal,1
Aaron Taylor-Johnson,Jake Gyllenhaal,1
Amy Adams,Michael Shannon,1
Jake Gyllenhaal,Michael Shannon,1
Aaron Taylor-Johnson,Michael Shannon,1
Amy Adams,Aaron Taylor-Johnson,1
Jake Gyllenhaal,Aaron Taylor-Johnson,1
Michael Shannon,Aaron Taylor-Johnson,1
Michelle Williams,Casey Affleck,1
"Kyle Chandler,Lucas Hedges",Casey Affleck,1
Casey Affleck,Michelle Williams,1
"Kyle Chandler,Lucas Hedges",Michelle Williams,1
Casey Affleck,"Kyle Chandler,Lucas Hedges",1
Michelle Williams,"Kyle Chandler,Lucas Hedges",1
Chris Pratt,Sarah Rialland Tardy,1
Vin Diesel,Sarah Rialland Tardy,1
Bradley Cooper,Sarah Rialland Tardy,1
Zoe Saldana,Sarah Rialland Tardy,1
Sarah Rialland Tardy,Chris Pratt,1
Vin Diesel,Chris Pratt,1
Bradley Cooper,Chris Pratt,1
Zoe Saldana,Chris Pratt,1
Sarah Rialland Tardy,Vin Diesel,1
Chris Pratt,Vin Diesel,1
Bradley Cooper,Vin Diesel,1
Zoe Saldana,Vin Diesel,1
Sarah Rialland Tardy,Bradley Cooper,1
Chris Pratt,Bradley Cooper,1
Vin Diesel,Bradley Cooper,1
Zoe Saldana,Bradley Cooper,1
Sarah Rialland Tardy,Zoe Saldana,1
Chris Pratt,Zoe Saldana,1
Vin Diesel,Zoe Saldana,1
Bradley Cooper,Zoe Saldana,1
John Boyega,Daisy R_idley,1
Oscar Isaac,Daisy R_idley,1
Domhnall Gleeson,Daisy R_idley,1
Daisy R_idley,John Boyega,1
Oscar Isaac,John Boyega,1
Domhnall Gleeson,John Boyega,1
Daisy R_idley,Oscar Isaac,1
John Boyega,Oscar Isaac,1
Domhnall Gleeson,Oscar Isaac,1
Daisy R_idley,Domhnall Gleeson,1
John Boyega,Domhnall Gleeson,1
Oscar Isaac,Domhnall Gleeson,1
Octavia Spencer,Taraji P. Henson,1
"Janelle Monáe,Kevin Costner",Taraji P. Henson,1
Taraji P. Henson,Octavia Spencer,1
"Janelle Monáe,Kevin Costner",Octavia Spencer,1
Taraji P. Henson,"Janelle Monáe,Kevin Costner",1
Octavia Spencer,"Janelle Monáe,Kevin Costner",1
James McAvoy,Jennifer Lawrence,1
Michael Fassbender,Jennifer Lawrence,1
Nicholas Hoult,Jennifer Lawrence,1
Jennifer Lawrence,James McAvoy,1
Michael Fassbender,James McAvoy,1
Nicholas Hoult,James McAvoy,1
Jennifer Lawrence,Michael Fassbender,1
James McAvoy,Michael Fassbender,1
Nicholas Hoult,Michael Fassbender,1
Jennifer Lawrence,Nicholas Hoult,1
James McAvoy,Nicholas Hoult,1
Michael Fassbender,Nicholas Hoult,1
"Robert Downey Jr.,Scarlett Johansson",Chris Evans,1
Sebastian Stan,Chris Evans,1
Chris Evans,"Robert Downey Jr.,Scarlett Johansson",1
Sebastian Stan,"Robert Downey Jr.,Scarlett Johansson",1
Chris Evans,Sebastian Stan,1
"Robert Downey Jr.,Scarlett Johansson",Sebastian Stan,1
Sam Worthington,Andrew Garfield,1
"Luke Bracey,Teresa Palmer",Andrew Garfield,1
Andrew Garfield,Sam Worthington,1
"Luke Bracey,Teresa Palmer",Sam Worthington,1
Andrew Garfield,"Luke Bracey,Teresa Palmer",1
Sam Worthington,"Luke Bracey,Teresa Palmer",1
Iain Glen,Milla Jovovich,1
Ali Larter,Milla Jovovich,1
Shawn Roberts,Milla Jovovich,1
Milla Jovovich,Iain Glen,1
Ali Larter,Iain Glen,1
Shawn Roberts,Iain Glen,1
Milla Jovovich,Ali Larter,1
Iain Glen,Ali Larter,1
Shawn Roberts,Ali Larter,1
Milla Jovovich,Shawn Roberts,1
Iain Glen,Shawn Roberts,1
Ali Larter,Shawn Roberts,1
Dwayne Johnson,Auli'i Cravalho,1
Rachel House,Auli'i Cravalho,1
Temuera Morrison,Auli'i Cravalho,1
Auli'i Cravalho,Dwayne Johnson,1
Rachel House,Dwayne Johnson,1
Temuera Morrison,Dwayne Johnson,1
Auli'i Cravalho,Rachel House,1
Dwayne Johnson,Rachel House,1
Temuera Morrison,Rachel House,1
Auli'i Cravalho,Temuera Morrison,1
Dwayne Johnson,Temuera Morrison,1
Rachel House,Temuera Morrison,1
Jeff Goldblum,Liam Hemsworth,1
"Bill Pullman,Maika Monroe",Liam Hemsworth,1
Liam Hemsworth,Jeff Goldblum,1
"Bill Pullman,Maika Monroe",Jeff Goldblum,1
Liam Hemsworth,"Bill Pullman,Maika Monroe",1
Jeff Goldblum,"Bill Pullman,Maika Monroe",1
Jeremy Renner,Amy Adams,1
"Forest Whitaker,Michael Stuhlbarg",Amy Adams,1
Amy Adams,Jeremy Renner,1
"Forest Whitaker,Michael Stuhlbarg",Jeremy Renner,1
Amy Adams,"Forest Whitaker,Michael Stuhlbarg",1
Jeremy Renner,"Forest Whitaker,Michael Stuhlbarg",1
Heath Ledger,Christian Bale,1
"Aaron Eckhart,Michael Caine",Christian Bale,1
Christian Bale,Heath Ledger,1
"Aaron Eckhart,Michael Caine",Heath Ledger,1
Christian Bale,"Aaron Eckhart,Michael Caine",1
Heath Ledger,"Aaron Eckhart,Michael Caine",1
Shariff Earp,Mahershala Ali,1
Duan Sanderson,Mahershala Ali,1
Alex R. Hibbert,Mahershala Ali,1
Mahershala Ali,Shariff Earp,1
Duan Sanderson,Shariff Earp,1
Alex R. Hibbert,Shariff Earp,1
Mahershala Ali,Duan Sanderson,1
Shariff Earp,Duan Sanderson,1
Alex R. Hibbert,Duan Sanderson,1
Mahershala Ali,Alex R. Hibbert,1
Shariff Earp,Alex R. Hibbert,1
Duan Sanderson,Alex R. Hibbert,1
Haley Bennett,Emily Blunt,1
Rebecca Ferguson,Emily Blunt,1
Justin Theroux,Emily Blunt,1
Emily Blunt,Haley Bennett,1
Rebecca Ferguson,Haley Bennett,1
Justin Theroux,Haley Bennett,1
Emily Blunt,Rebecca Ferguson,1
Haley Bennett,Rebecca Ferguson,1
Justin Theroux,Rebecca Ferguson,1
Emily Blunt,Justin Theroux,1
Haley Bennett,Justin Theroux,1
Rebecca Ferguson,Justin Theroux,1
"Dominique Abel,Emmanuelle Riva",Fiona Gordon,1
Pierre Richard,Fiona Gordon,1
Fiona Gordon,"Dominique Abel,Emmanuelle Riva",1
Pierre Richard,"Dominique Abel,Emmanuelle Riva",1
Fiona Gordon,Pierre Richard,1
"Dominique Abel,Emmanuelle Riva",Pierre Richard,1
Denzel Washington,Chris Pratt,1
"Ethan Hawke,Vincent D'Onofrio",Chris Pratt,1
Chris Pratt,Denzel Washington,1
"Ethan Hawke,Vincent D'Onofrio",Denzel Washington,1
Chris Pratt,"Ethan Hawke,Vincent D'Onofrio",1
Denzel Washington,"Ethan Hawke,Vincent D'Onofrio",1
Anne Hathaway,Matthew McConaughey,1
Jessica Chastain,Matthew McConaughey,1
Mackenzie Foy,Matthew McConaughey,1
Matthew McConaughey,Anne Hathaway,1
Jessica Chastain,Anne Hathaway,1
Mackenzie Foy,Anne Hathaway,1
Matthew McConaughey,Jessica Chastain,1
Anne Hathaway,Jessica Chastain,1
Mackenzie Foy,Jessica Chastain,1
Matthew McConaughey,Mackenzie Foy,1
Anne Hathaway,Mackenzie Foy,1
Jessica Chastain,Mackenzie Foy,1
Eric Stonestreet,Louis C.K.,1
Kevin Hart,Louis C.K.,1
Lake Bell,Louis C.K.,1
Louis C.K.,Eric Stonestreet,1
Kevin Hart,Eric Stonestreet,1
Lake Bell,Eric Stonestreet,1
Louis C.K.,Kevin Hart,1
Eric Stonestreet,Kevin Hart,1
Lake Bell,Kevin Hart,1
Louis C.K.,Lake Bell,1
Eric Stonestreet,Lake Bell,1
Kevin Hart,Lake Bell,1
Penélope Cruz,Johnny Depp,1
Ian McShane,Johnny Depp,1
Geoffrey Rush,Johnny Depp,1
Johnny Depp,Penélope Cruz,1
Ian McShane,Penélope Cruz,1
Geoffrey Rush,Penélope Cruz,1
Johnny Depp,Ian McShane,1
Penélope Cruz,Ian McShane,1
Geoffrey Rush,Ian McShane,1
Johnny Depp,Geoffrey Rush,1
Penélope Cruz,Geoffrey Rush,1
Ian McShane,Geoffrey Rush,1
Aaron Eckhart,Tom Hanks,1
Laura Linney,Tom Hanks,1
Valerie Mahaffey,Tom Hanks,1
Tom Hanks,Aaron Eckhart,1
Laura Linney,Aaron Eckhart,1
Valerie Mahaffey,Aaron Eckhart,1
Tom Hanks,Laura Linney,1
Aaron Eckhart,Laura Linney,1
Valerie Mahaffey,Laura Linney,1
Tom Hanks,Valerie Mahaffey,1
Aaron Eckhart,Valerie Mahaffey,1
Laura Linney,Valerie Mahaffey,1
Kathryn Hahn,Mila Kunis,1
"Kristen Bell,Christina Applegate",Mila Kunis,1
Mila Kunis,Kathryn Hahn,1
"Kristen Bell,Christina Applegate",Kathryn Hahn,1
Mila Kunis,"Kristen Bell,Christina Applegate",1
Kathryn Hahn,"Kristen Bell,Christina Applegate",1
Emile Hirsch,Brian Cox,1
Ophelia Lovibond,Brian Cox,1
Michael McElhatton,Brian Cox,1
Brian Cox,Emile Hirsch,1
Ophelia Lovibond,Emile Hirsch,1
Michael McElhatton,Emile Hirsch,1
Brian Cox,Ophelia Lovibond,1
Emile Hirsch,Ophelia Lovibond,1
Michael McElhatton,Ophelia Lovibond,1
Brian Cox,Michael McElhatton,1
Emile Hirsch,Michael McElhatton,1
Ophelia Lovibond,Michael McElhatton,1
Tommy Lee Jones,Matt Damon,1
"Alicia Vikander,Vincent Cassel",Matt Damon,1
Matt Damon,Tommy Lee Jones,1
"Alicia Vikander,Vincent Cassel",Tommy Lee Jones,1
Matt Damon,"Alicia Vikander,Vincent Cassel",1
Tommy Lee Jones,"Alicia Vikander,Vincent Cassel",1
"Justin Timberlake,Zooey Deschanel",Anna Kendrick,1
Christopher Mintz-Plasse,Anna Kendrick,1
Anna Kendrick,"Justin Timberlake,Zooey Deschanel",1
Christopher Mintz-Plasse,"Justin Timberlake,Zooey Deschanel",1
Anna Kendrick,Christopher Mintz-Plasse,1
"Justin Timberlake,Zooey Deschanel",Christopher Mintz-Plasse,1
Taron Egerton,Colin Firth,1
"Samuel L. Jackson,Michael Caine",Colin Firth,1
Colin Firth,Taron Egerton,1
"Samuel L. Jackson,Michael Caine",Taron Egerton,1
Colin Firth,"Samuel L. Jackson,Michael Caine",1
Taron Egerton,"Samuel L. Jackson,Michael Caine",1
Seth MacFarlane,"Matthew McConaughey,Reese Witherspoon",1
Scarlett Johansson,"Matthew McConaughey,Reese Witherspoon",1
"Matthew McConaughey,Reese Witherspoon",Seth MacFarlane,1
Scarlett Johansson,Seth MacFarlane,1
"Matthew McConaughey,Reese Witherspoon",Scarlett Johansson,1
Seth MacFarlane,Scarlett Johansson,1
Jamie Dornan,Dakota Johnson,1
"Jennifer Ehle,Eloise Mumford",Dakota Johnson,1
Dakota Johnson,Jamie Dornan,1
"Jennifer Ehle,Eloise Mumford",Jamie Dornan,1
Dakota Johnson,"Jennifer Ehle,Eloise Mumford",1
Jamie Dornan,"Jennifer Ehle,Eloise Mumford",1
Theo James,Kate Beckinsale,1
Tobias Menzies,Kate Beckinsale,1
Lara Pulver,Kate Beckinsale,1
Kate Beckinsale,Theo James,1
Tobias Menzies,Theo James,1
Lara Pulver,Theo James,1
Kate Beckinsale,Tobias Menzies,1
Theo James,Tobias Menzies,1
Lara Pulver,Tobias Menzies,1
Kate Beckinsale,Lara Pulver,1
Theo James,Lara Pulver,1
Tobias Menzies,Lara Pulver,1
Anya Taylor-Joy,James McAvoy,1
Haley Lu Richardson,James McAvoy,1
Jessica Sula,James McAvoy,1
James McAvoy,Anya Taylor-Joy,1
Haley Lu Richardson,Anya Taylor-Joy,1
Jessica Sula,Anya Taylor-Joy,1
James McAvoy,Haley Lu Richardson,1
Anya Taylor-Joy,Haley Lu Richardson,1
Jessica Sula,Haley Lu Richardson,1
James McAvoy,Jessica Sula,1
Anya Taylor-Joy,Jessica Sula,1
Haley Lu Richardson,Jessica Sula,1
Sam Claflin,Gemma Arterton,1
Bill Nighy,Gemma Arterton,1
Jack Huston,Gemma Arterton,1
Gemma Arterton,Sam Claflin,1
Bill Nighy,Sam Claflin,1
Jack Huston,Sam Claflin,1
Gemma Arterton,Bill Nighy,1
Sam Claflin,Bill Nighy,1
Jack Huston,Bill Nighy,1
Gemma Arterton,Jack Huston,1
Sam Claflin,Jack Huston,1
Bill Nighy,Jack Huston,1
Adam Driver,Andrew Garfield,1
"Liam Neeson,Tadanobu Asano",Andrew Garfield,1
Andrew Garfield,Adam Driver,1
"Liam Neeson,Tadanobu Asano",Adam Driver,1
Andrew Garfield,"Liam Neeson,Tadanobu Asano",1
Adam Driver,"Liam Neeson,Tadanobu Asano",1
Ayse Howard,Brittany Blanton,1
"Roman Jossart,Nadia White",Brittany Blanton,1
Brittany Blanton,Ayse Howard,1
"Roman Jossart,Nadia White",Ayse Howard,1
Brittany Blanton,"Roman Jossart,Nadia White",1
Ayse Howard,"Roman Jossart,Nadia White",1
Noomi Rapace,Michael Fassbender,1
Logan Marshall-Green,Michael Fassbender,1
Charlize Theron,Michael Fassbender,1
Michael Fassbender,Noomi Rapace,1
Logan Marshall-Green,Noomi Rapace,1
Charlize Theron,Noomi Rapace,1
Michael Fassbender,Logan Marshall-Green,1
Noomi Rapace,Logan Marshall-Green,1
Charlize Theron,Logan Marshall-Green,1
Michael Fassbender,Charlize Theron,1
Noomi Rapace,Charlize Theron,1
Logan Marshall-Green,Charlize Theron,1
Jesse Bradford,Jocelin Donahue,1
"Jesse Borrego,Lori Petty",Jocelin Donahue,1
Jocelin Donahue,Jesse Bradford,1
"Jesse Borrego,Lori Petty",Jesse Bradford,1
Jocelin Donahue,"Jesse Borrego,Lori Petty",1
Jesse Bradford,"Jesse Borrego,Lori Petty",1
Kate Hudson,Jennifer Aniston,1
Julia Roberts,Jennifer Aniston,1
Jason Sudeikis,Jennifer Aniston,1
Jennifer Aniston,Kate Hudson,1
Julia Roberts,Kate Hudson,1
Jason Sudeikis,Kate Hudson,1
Jennifer Aniston,Julia Roberts,1
Kate Hudson,Julia Roberts,1
Jason Sudeikis,Julia Roberts,1
Jennifer Aniston,Jason Sudeikis,1
Kate Hudson,Jason Sudeikis,1
Julia Roberts,Jason Sudeikis,1
Kurt Russell,Mark Wahlberg,1
Douglas M. Griffin,Mark Wahlberg,1
James DuMont,Mark Wahlberg,1
Mark Wahlberg,Kurt Russell,1
Douglas M. Griffin,Kurt Russell,1
James DuMont,Kurt Russell,1
Mark Wahlberg,Douglas M. Griffin,1
Kurt Russell,Douglas M. Griffin,1
James DuMont,Douglas M. Griffin,1
Mark Wahlberg,James DuMont,1
Kurt Russell,James DuMont,1
Douglas M. Griffin,James DuMont,1
Michelle Monaghan,Mark Wahlberg,1
J.K. Simmons,Mark Wahlberg,1
John Goodman,Mark Wahlberg,1
Mark Wahlberg,Michelle Monaghan,1
J.K. Simmons,Michelle Monaghan,1
John Goodman,Michelle Monaghan,1
Mark Wahlberg,J.K. Simmons,1
Michelle Monaghan,J.K. Simmons,1
John Goodman,J.K. Simmons,1
Mark Wahlberg,John Goodman,1
Michelle Monaghan,John Goodman,1
J.K. Simmons,John Goodman,1
Marion Cotillard,Michael Fassbender,1
"Jeremy Irons,Brendan Gleeson",Michael Fassbender,1
Michael Fassbender,Marion Cotillard,1
"Jeremy Irons,Brendan Gleeson",Marion Cotillard,1
Michael Fassbender,"Jeremy Irons,Brendan Gleeson",1
Marion Cotillard,"Jeremy Irons,Brendan Gleeson",1
Javier Bardem,Charlize Theron,1
"Adèle Exarchopoulos,Jared Harris",Charlize Theron,1
Charlize Theron,Javier Bardem,1
"Adèle Exarchopoulos,Jared Harris",Javier Bardem,1
Charlize Theron,"Adèle Exarchopoulos,Jared Harris",1
Javier Bardem,"Adèle Exarchopoulos,Jared Harris",1
Joseph Gordon-Levitt,Leonardo DiCaprio,1
Ellen Page,Leonardo DiCaprio,1
Ken Watanabe,Leonardo DiCaprio,1
Leonardo DiCaprio,Joseph Gordon-Levitt,1
Ellen Page,Joseph Gordon-Levitt,1
Ken Watanabe,Joseph Gordon-Levitt,1
Leonardo DiCaprio,Ellen Page,1
Joseph Gordon-Levitt,Ellen Page,1
Ken Watanabe,Ellen Page,1
Leonardo DiCaprio,Ken Watanabe,1
Joseph Gordon-Levitt,Ken Watanabe,1
Ellen Page,Ken Watanabe,1
Dwayne Johnson,Vin Diesel,1
Paul Walker,Vin Diesel,1
Jason Statham,Vin Diesel,1
Vin Diesel,Dwayne Johnson,1
Paul Walker,Dwayne Johnson,1
Jason Statham,Dwayne Johnson,1
Vin Diesel,Paul Walker,1
Dwayne Johnson,Paul Walker,1
Jason Statham,Paul Walker,1
Vin Diesel,Jason Statham,1
Dwayne Johnson,Jason Statham,1
Paul Walker,Jason Statham,1
Katherine Waterston,Eddie Redmayne,1
"Alison Sudol,Dan Fogler",Eddie Redmayne,1
Eddie Redmayne,Katherine Waterston,1
"Alison Sudol,Dan Fogler",Katherine Waterston,1
Eddie Redmayne,"Alison Sudol,Dan Fogler",1
Katherine Waterston,"Alison Sudol,Dan Fogler",1
Michael Nyqvist,Keanu Reeves,1
Alfie Allen,Keanu Reeves,1
Willem Dafoe,Keanu Reeves,1
Keanu Reeves,Michael Nyqvist,1
Alfie Allen,Michael Nyqvist,1
Willem Dafoe,Michael Nyqvist,1
Keanu Reeves,Alfie Allen,1
Michael Nyqvist,Alfie Allen,1
Willem Dafoe,Alfie Allen,1
Keanu Reeves,Willem Dafoe,1
Michael Nyqvist,Willem Dafoe,1
Alfie Allen,Willem Dafoe,1
Kristen Wiig,Seth Rogen,1
Jonah Hill,Seth Rogen,1
Alistair Abell,Seth Rogen,1
Seth Rogen,Kristen Wiig,1
Jonah Hill,Kristen Wiig,1
Alistair Abell,Kristen Wiig,1
Seth Rogen,Jonah Hill,1
Kristen Wiig,Jonah Hill,1
Alistair Abell,Jonah Hill,1
Seth Rogen,Alistair Abell,1
Kristen Wiig,Alistair Abell,1
Jonah Hill,Alistair Abell,1
Mark Strong,Jessica Chastain,1
"Gugu Mbatha-Raw,Michael Stuhlbarg",Jessica Chastain,1
Jessica Chastain,Mark Strong,1
"Gugu Mbatha-Raw,Michael Stuhlbarg",Mark Strong,1
Jessica Chastain,"Gugu Mbatha-Raw,Michael Stuhlbarg",1
Mark Strong,"Gugu Mbatha-Raw,Michael Stuhlbarg",1
Edward Norton,Will Smith,1
Kate Winslet,Will Smith,1
Michael Peña,Will Smith,1
Will Smith,Edward Norton,1
Kate Winslet,Edward Norton,1
Michael Peña,Edward Norton,1
Will Smith,Kate Winslet,1
Edward Norton,Kate Winslet,1
Michael Peña,Kate Winslet,1
Will Smith,Michael Peña,1
Edward Norton,Michael Peña,1
Kate Winslet,Michael Peña,1
Ryan Gosling,J.K. Simmons,1
Emma Stone,J.K. Simmons,1
Rosemarie DeWitt,J.K. Simmons,1
J.K. Simmons,Ryan Gosling,1
Emma Stone,Ryan Gosling,1
Rosemarie DeWitt,Ryan Gosling,1
J.K. Simmons,Emma Stone,1
Ryan Gosling,Emma Stone,1
Rosemarie DeWitt,Emma Stone,1
J.K. Simmons,Rosemarie DeWitt,1
Ryan Gosling,Rosemarie DeWitt,1
Emma Stone,Rosemarie DeWitt,1
Samuel L. Jackson,Kurt Russell,1
Jennifer Jason Leigh,Kurt Russell,1
Walton Goggins,Kurt Russell,1
Kurt Russell,Samuel L. Jackson,1
Jennifer Jason Leigh,Samuel L. Jackson,1
Walton Goggins,Samuel L. Jackson,1
Kurt Russell,Jennifer Jason Leigh,1
Samuel L. Jackson,Jennifer Jason Leigh,1
Walton Goggins,Jennifer Jason Leigh,1
Kurt Russell,Walton Goggins,1
Samuel L. Jackson,Walton Goggins,1
Jennifer Jason Leigh,Walton Goggins,1
Diane Kruger,Brad Pitt,1
"Eli Roth,Mélanie Laurent",Brad Pitt,1
Brad Pitt,Diane Kruger,1
"Eli Roth,Mélanie Laurent",Diane Kruger,1
Brad Pitt,"Eli Roth,Mélanie Laurent",1
Diane Kruger,"Eli Roth,Mélanie Laurent",1
Jared Leto,Will Smith,1
Margot Robbie,Will Smith,1
Viola Davis,Will Smith,1
Will Smith,Jared Leto,1
Margot Robbie,Jared Leto,1
Viola Davis,Jared Leto,1
Will Smith,Margot Robbie,1
Jared Leto,Margot Robbie,1
Viola Davis,Margot Robbie,1
Will Smith,Viola Davis,1
Jared Leto,Viola Davis,1
Margot Robbie,Viola Davis,1
Charlize Theron,Nicholas Hoult,1
Tom Hardy,Nicholas Hoult,1
Zoë Kravitz,Nicholas Hoult,1
Nicholas Hoult,Charlize Theron,1
Tom Hardy,Charlize Theron,1
Zoë Kravitz,Charlize Theron,1
Nicholas Hoult,Tom Hardy,1
Charlize Theron,Tom Hardy,1
Zoë Kravitz,Tom Hardy,1
Nicholas Hoult,Zoë Kravitz,1
Charlize Theron,Zoë Kravitz,1
Tom Hardy,Zoë Kravitz,1
Christian Bale,Oscar Isaac,1
Charlotte Le Bon,Oscar Isaac,1
Daniel Giménez Cacho,Oscar Isaac,1
Oscar Isaac,Christian Bale,1
Charlotte Le Bon,Christian Bale,1
Daniel Giménez Cacho,Christian Bale,1
Oscar Isaac,Charlotte Le Bon,1
Christian Bale,Charlotte Le Bon,1
Daniel Giménez Cacho,Charlotte Le Bon,1
Oscar Isaac,Daniel Giménez Cacho,1
Christian Bale,Daniel Giménez Cacho,1
Charlotte Le Bon,Daniel Giménez Cacho,1
Sigourney Weaver,Lewis MacDougall,1
"Felicity Jones,Toby Kebbell",Lewis MacDougall,1
Lewis MacDougall,Sigourney Weaver,1
"Felicity Jones,Toby Kebbell",Sigourney Weaver,1
Lewis MacDougall,"Felicity Jones,Toby Kebbell",1
Sigourney Weaver,"Felicity Jones,Toby Kebbell",1
Andrea Riseborough,Essie Davis,1
"Julian Barratt,Kenneth Branagh",Essie Davis,1
Essie Davis,Andrea Riseborough,1
"Julian Barratt,Kenneth Branagh",Andrea Riseborough,1
Essie Davis,"Julian Barratt,Kenneth Branagh",1
Andrea Riseborough,"Julian Barratt,Kenneth Branagh",1
Melissa McCarthy,Kristen Wiig,1
Kate McKinnon,Kristen Wiig,1
Leslie Jones,Kristen Wiig,1
Kristen Wiig,Melissa McCarthy,1
Kate McKinnon,Melissa McCarthy,1
Leslie Jones,Melissa McCarthy,1
Kristen Wiig,Kate McKinnon,1
Melissa McCarthy,Kate McKinnon,1
Leslie Jones,Kate McKinnon,1
Kristen Wiig,Leslie Jones,1
Melissa McCarthy,Leslie Jones,1
Kate McKinnon,Leslie Jones,1
Jonah Hill,Leonardo DiCaprio,1
"Margot Robbie,Matthew McConaughey",Leonardo DiCaprio,1
Leonardo DiCaprio,Jonah Hill,1
"Margot Robbie,Matthew McConaughey",Jonah Hill,1
Leonardo DiCaprio,"Margot Robbie,Matthew McConaughey",1
Jonah Hill,"Margot Robbie,Matthew McConaughey",1
Octavia Spencer,Bryce Dallas Howard,1
Emma Stone,Bryce Dallas Howard,1
Viola Davis,Bryce Dallas Howard,1
Bryce Dallas Howard,Octavia Spencer,1
Emma Stone,Octavia Spencer,1
Viola Davis,Octavia Spencer,1
Bryce Dallas Howard,Emma Stone,1
Octavia Spencer,Emma Stone,1
Viola Davis,Emma Stone,1
Bryce Dallas Howard,Viola Davis,1
Octavia Spencer,Viola Davis,1
Emma Stone,Viola Davis,1
Jason Bateman,Ginnifer Goodwin,1
_idris Elba,Ginnifer Goodwin,1
Jenny Slate,Ginnifer Goodwin,1
Ginnifer Goodwin,Jason Bateman,1
_idris Elba,Jason Bateman,1
Jenny Slate,Jason Bateman,1
Ginnifer Goodwin,_idris Elba,1
Jason Bateman,_idris Elba,1
Jenny Slate,_idris Elba,1
Ginnifer Goodwin,Jenny Slate,1
Jason Bateman,Jenny Slate,1
_idris Elba,Jenny Slate,1
Demián Bichir,Gabriel Chavarria,1
"Theo Rossi,Tony Revolori",Gabriel Chavarria,1
Gabriel Chavarria,Demián Bichir,1
"Theo Rossi,Tony Revolori",Demián Bichir,1
Gabriel Chavarria,"Theo Rossi,Tony Revolori",1
Demián Bichir,"Theo Rossi,Tony Revolori",1
Keira Knightley,Orlando Bloom,1
Jack Davenport,Orlando Bloom,1
Johnny Depp,Orlando Bloom,2
Orlando Bloom,Keira Knightley,1
Jack Davenport,Keira Knightley,1
Johnny Depp,Keira Knightley,1
Orlando Bloom,Jack Davenport,1
Keira Knightley,Jack Davenport,1
Johnny Depp,Jack Davenport,1
Orlando Bloom,Johnny Depp,2
Keira Knightley,Johnny Depp,1
Jack Davenport,Johnny Depp,1
Mone Kamishiraishi,Ryûnosuke Kamiki,1
Ryô Narita,Ryûnosuke Kamiki,1
Aoi Yuki,Ryûnosuke Kamiki,1
Ryûnosuke Kamiki,Mone Kamishiraishi,1
Ryô Narita,Mone Kamishiraishi,1
Aoi Yuki,Mone Kamishiraishi,1
Ryûnosuke Kamiki,Ryô Narita,1
Mone Kamishiraishi,Ryô Narita,1
Aoi Yuki,Ryô Narita,1
Ryûnosuke Kamiki,Aoi Yuki,1
Mone Kamishiraishi,Aoi Yuki,1
Ryô Narita,Aoi Yuki,1
Rosamund Pike,Ben Affleck,1
"Neil Patrick Harris,Tyler Perry",Ben Affleck,1
Ben Affleck,Rosamund Pike,1
"Neil Patrick Harris,Tyler Perry",Rosamund Pike,1
Ben Affleck,"Neil Patrick Harris,Tyler Perry",1
Rosamund Pike,"Neil Patrick Harris,Tyler Perry",1
Jane Levy,Stephen Lang,1
Dylan Minnette,Stephen Lang,1
Daniel Zovatto,Stephen Lang,1
Stephen Lang,Jane Levy,1
Dylan Minnette,Jane Levy,1
Daniel Zovatto,Jane Levy,1
Stephen Lang,Dylan Minnette,1
Jane Levy,Dylan Minnette,1
Daniel Zovatto,Dylan Minnette,1
Stephen Lang,Daniel Zovatto,1
Jane Levy,Daniel Zovatto,1
Dylan Minnette,Daniel Zovatto,1
"Scarlett Johansson,Jeremy Renner",Robert Downey Jr.,1
Chris Evans,Robert Downey Jr.,2
Robert Downey Jr.,"Scarlett Johansson,Jeremy Renner",1
Chris Evans,"Scarlett Johansson,Jeremy Renner",1
Robert Downey Jr.,Chris Evans,2
"Scarlett Johansson,Jeremy Renner",Chris Evans,1
Elle Fanning,Ben Affleck,1
Brendan Gleeson,Ben Affleck,1
Chris Messina,Ben Affleck,1
Ben Affleck,Elle Fanning,1
Brendan Gleeson,Elle Fanning,1
Chris Messina,Elle Fanning,1
Ben Affleck,Brendan Gleeson,1
Elle Fanning,Brendan Gleeson,1
Chris Messina,Brendan Gleeson,1
Ben Affleck,Chris Messina,1
Elle Fanning,Chris Messina,1
Brendan Gleeson,Chris Messina,1
Robert Pattinson,Charlie Hunnam,1
Sienna Miller,Charlie Hunnam,1
Tom Holland,Charlie Hunnam,1
Charlie Hunnam,Robert Pattinson,1
Sienna Miller,Robert Pattinson,1
Tom Holland,Robert Pattinson,1
Charlie Hunnam,Sienna Miller,1
Robert Pattinson,Sienna Miller,1
Tom Holland,Sienna Miller,1
Charlie Hunnam,Tom Holland,1
Robert Pattinson,Tom Holland,1
Sienna Miller,Tom Holland,1
Anne Hathaway,"Austin Stowell,Tim Blake Nelson",1
Jason Sudeikis,"Austin Stowell,Tim Blake Nelson",1
"Austin Stowell,Tim Blake Nelson",Anne Hathaway,1
Jason Sudeikis,Anne Hathaway,1
"Austin Stowell,Tim Blake Nelson",Jason Sudeikis,1
Anne Hathaway,Jason Sudeikis,1
Zoe Saldana,Michelle Rodriguez,1
Sam Worthington,Michelle Rodriguez,1
Sigourney Weaver,Michelle Rodriguez,1
Michelle Rodriguez,Zoe Saldana,1
Sam Worthington,Zoe Saldana,1
Sigourney Weaver,Zoe Saldana,1
Michelle Rodriguez,Sam Worthington,1
Zoe Saldana,Sam Worthington,1
Sigourney Weaver,Sam Worthington,1
Michelle Rodriguez,Sigourney Weaver,1
Zoe Saldana,Sigourney Weaver,1
Sam Worthington,Sigourney Weaver,1
Janet McTeer,Emilia Clarke,1
Charles Dance,Emilia Clarke,1
Sam Claflin,Emilia Clarke,1
Emilia Clarke,Janet McTeer,1
Charles Dance,Janet McTeer,1
Sam Claflin,Janet McTeer,1
Emilia Clarke,Charles Dance,1
Janet McTeer,Charles Dance,1
Sam Claflin,Charles Dance,1
Emilia Clarke,Sam Claflin,1
Janet McTeer,Sam Claflin,1
Charles Dance,Sam Claflin,1
Zachary Quinto,Chris Pine,1
Karl Urban,Chris Pine,1
Zoe Saldana,Chris Pine,1
Chris Pine,Zachary Quinto,1
Karl Urban,Zachary Quinto,1
Zoe Saldana,Zachary Quinto,1
Chris Pine,Karl Urban,1
Zachary Quinto,Karl Urban,1
Zoe Saldana,Karl Urban,1
Chris Pine,Zoe Saldana,1
Zachary Quinto,Zoe Saldana,1
Karl Urban,Zoe Saldana,1
Morena Baccarin,Ryan Reynolds,1
T.J. Miller,Ryan Reynolds,1
Ed Skrein,Ryan Reynolds,1
Ryan Reynolds,Morena Baccarin,1
T.J. Miller,Morena Baccarin,1
Ed Skrein,Morena Baccarin,1
Ryan Reynolds,T.J. Miller,1
Morena Baccarin,T.J. Miller,1
Ed Skrein,T.J. Miller,1
Ryan Reynolds,Ed Skrein,1
Morena Baccarin,Ed Skrein,1
T.J. Miller,Ed Skrein,1
Jon Bernthal,Ben Affleck,1
Anna Kendrick,Ben Affleck,1
J.K. Simmons,Ben Affleck,1
Ben Affleck,Jon Bernthal,1
Anna Kendrick,Jon Bernthal,1
J.K. Simmons,Jon Bernthal,1
Ben Affleck,Anna Kendrick,1
Jon Bernthal,Anna Kendrick,1
J.K. Simmons,Anna Kendrick,1
Ben Affleck,J.K. Simmons,1
Jon Bernthal,J.K. Simmons,1
Anna Kendrick,J.K. Simmons,1
Ashleigh Cummings,Emma Booth,1
"Stephen Curry,Susie Porter",Emma Booth,1
Emma Booth,Ashleigh Cummings,1
"Stephen Curry,Susie Porter",Ashleigh Cummings,1
Emma Booth,"Stephen Curry,Susie Porter",1
Ashleigh Cummings,"Stephen Curry,Susie Porter",1
Steve Lantz,Miles Teller,1
Gregg Weiner,Miles Teller,1
Jonah Hill,Miles Teller,1
Miles Teller,Steve Lantz,1
Gregg Weiner,Steve Lantz,1
Jonah Hill,Steve Lantz,1
Miles Teller,Gregg Weiner,1
Steve Lantz,Gregg Weiner,1
Jonah Hill,Gregg Weiner,1
Miles Teller,Jonah Hill,1
Steve Lantz,Jonah Hill,1
Gregg Weiner,Jonah Hill,1
Rana Daggubati,Prabhas,1
"Anushka Shetty,Tamannaah Bhatia",Prabhas,1
Prabhas,Rana Daggubati,1
"Anushka Shetty,Tamannaah Bhatia",Rana Daggubati,1
Prabhas,"Anushka Shetty,Tamannaah Bhatia",1
Rana Daggubati,"Anushka Shetty,Tamannaah Bhatia",1
Paula Patton,Travis Fimmel,1
Ben Foster,Travis Fimmel,1
Dominic Cooper,Travis Fimmel,1
Travis Fimmel,Paula Patton,1
Ben Foster,Paula Patton,1
Dominic Cooper,Paula Patton,1
Travis Fimmel,Ben Foster,1
Paula Patton,Ben Foster,1
Dominic Cooper,Ben Foster,1
Travis Fimmel,Dominic Cooper,1
Paula Patton,Dominic Cooper,1
Ben Foster,Dominic Cooper,1
"Kenneth Welsh,Daniel Fathers",Aaron Poole,1
Kathleen Munroe,Aaron Poole,1
Aaron Poole,"Kenneth Welsh,Daniel Fathers",1
Kathleen Munroe,"Kenneth Welsh,Daniel Fathers",1
Aaron Poole,Kathleen Munroe,1
"Kenneth Welsh,Daniel Fathers",Kathleen Munroe,1
Chiwetel Ejiofor,Benedict Cumberbatch,1
Rachel McAdams,Benedict Cumberbatch,1
Benedict Wong,Benedict Cumberbatch,1
Benedict Cumberbatch,Chiwetel Ejiofor,1
Rachel McAdams,Chiwetel Ejiofor,1
Benedict Wong,Chiwetel Ejiofor,1
Benedict Cumberbatch,Rachel McAdams,1
Chiwetel Ejiofor,Rachel McAdams,1
Benedict Wong,Rachel McAdams,1
Benedict Cumberbatch,Benedict Wong,1
Chiwetel Ejiofor,Benedict Wong,1
Rachel McAdams,Benedict Wong,1
Andy Lau,Tian Jing,1
Matt Damon,Tian Jing,1
Willem Dafoe,Tian Jing,1
Tian Jing,Andy Lau,1
Matt Damon,Andy Lau,1
Willem Dafoe,Andy Lau,1
Tian Jing,Matt Damon,1
Andy Lau,Matt Damon,1
Willem Dafoe,Matt Damon,1
Tian Jing,Willem Dafoe,1
Andy Lau,Willem Dafoe,1
Matt Damon,Willem Dafoe,1
Nicole K_idman,Dev Patel,1
Rooney Mara,Dev Patel,1
Sunny Pawar,Dev Patel,1
Dev Patel,Nicole K_idman,1
Rooney Mara,Nicole K_idman,1
Sunny Pawar,Nicole K_idman,1
Dev Patel,Rooney Mara,1
Nicole K_idman,Rooney Mara,1
Sunny Pawar,Rooney Mara,1
Dev Patel,Sunny Pawar,1
Nicole K_idman,Sunny Pawar,1
Rooney Mara,Sunny Pawar,1
Angourie Rice,Russell Crowe,1
Matt Bomer,Russell Crowe,1
Ryan Gosling,Russell Crowe,1
Russell Crowe,Angourie Rice,1
Matt Bomer,Angourie Rice,1
Ryan Gosling,Angourie Rice,1
Russell Crowe,Matt Bomer,1
Angourie Rice,Matt Bomer,1
Ryan Gosling,Matt Bomer,1
Russell Crowe,Ryan Gosling,1
Angourie Rice,Ryan Gosling,1
Matt Bomer,Ryan Gosling,1
Austin Pendleton,John Francis Daley,1
Colleen Camp,John Francis Daley,1
Neil Flynn,John Francis Daley,1
John Francis Daley,Austin Pendleton,1
Colleen Camp,Austin Pendleton,1
Neil Flynn,Austin Pendleton,1
John Francis Daley,Colleen Camp,1
Austin Pendleton,Colleen Camp,1
Neil Flynn,Colleen Camp,1
John Francis Daley,Neil Flynn,1
Austin Pendleton,Neil Flynn,1
Colleen Camp,Neil Flynn,1
Vincent Ebrahim,Jared Harris,1
Marion Cotillard,Jared Harris,1
Brad Pitt,Jared Harris,1
Jared Harris,Vincent Ebrahim,1
Marion Cotillard,Vincent Ebrahim,1
Brad Pitt,Vincent Ebrahim,1
Jared Harris,Marion Cotillard,1
Vincent Ebrahim,Marion Cotillard,1
Brad Pitt,Marion Cotillard,1
Jared Harris,Brad Pitt,1
Vincent Ebrahim,Brad Pitt,1
Marion Cotillard,Brad Pitt,1
Henry Cavill,Ben Affleck,1
Jesse Eisenberg,Ben Affleck,1
Amy Adams,Ben Affleck,1
Ben Affleck,Henry Cavill,1
Jesse Eisenberg,Henry Cavill,1
Amy Adams,Henry Cavill,1
Ben Affleck,Jesse Eisenberg,1
Henry Cavill,Jesse Eisenberg,1
Amy Adams,Jesse Eisenberg,1
Ben Affleck,Amy Adams,1
Henry Cavill,Amy Adams,1
Jesse Eisenberg,Amy Adams,1
Nick Offerman,Michael Keaton,1
John Carroll Lynch,Michael Keaton,1
Linda Cardellini,Michael Keaton,1
Michael Keaton,Nick Offerman,1
John Carroll Lynch,Nick Offerman,1
Linda Cardellini,Nick Offerman,1
Michael Keaton,John Carroll Lynch,1
Nick Offerman,John Carroll Lynch,1
Linda Cardellini,John Carroll Lynch,1
Michael Keaton,Linda Cardellini,1
Nick Offerman,Linda Cardellini,1
John Carroll Lynch,Linda Cardellini,1
Michael Caine,Hugh Jackman,1
Christian Bale,Hugh Jackman,1
Scarlett Johansson,Hugh Jackman,1
Hugh Jackman,Michael Caine,1
Christian Bale,Michael Caine,1
Scarlett Johansson,Michael Caine,1
Hugh Jackman,Christian Bale,1
Michael Caine,Christian Bale,1
Scarlett Johansson,Christian Bale,1
Hugh Jackman,Scarlett Johansson,1
Michael Caine,Scarlett Johansson,1
Christian Bale,Scarlett Johansson,1
"Keira Knightley,Geoffrey Rush",Orlando Bloom,1
Orlando Bloom,"Keira Knightley,Geoffrey Rush",1
Johnny Depp,"Keira Knightley,Geoffrey Rush",1
"Keira Knightley,Geoffrey Rush",Johnny Depp,1
Jennifer Garner,Bryan Cranston,1
"Beverly D'Angelo,Jason O'Mara",Bryan Cranston,1
Bryan Cranston,Jennifer Garner,1
"Beverly D'Angelo,Jason O'Mara",Jennifer Garner,1
Bryan Cranston,"Beverly D'Angelo,Jason O'Mara",1
Jennifer Garner,"Beverly D'Angelo,Jason O'Mara",1
Addison Timlin,Hermione Corfield,1
"Joely Richardson,Jeremy Irvine",Hermione Corfield,1
Hermione Corfield,Addison Timlin,1
"Joely Richardson,Jeremy Irvine",Addison Timlin,1
Hermione Corfield,"Joely Richardson,Jeremy Irvine",1
Addison Timlin,"Joely Richardson,Jeremy Irvine",1
George MacKay,Viggo Mortensen,1
"Samantha Isler,Annalise Basso",Viggo Mortensen,1
Viggo Mortensen,George MacKay,1
"Samantha Isler,Annalise Basso",George MacKay,1
Viggo Mortensen,"Samantha Isler,Annalise Basso",1
George MacKay,"Samantha Isler,Annalise Basso",1
"Viola Davis,Melissa Leo",Hugh Jackman,1
Jake Gyllenhaal,Hugh Jackman,1
Hugh Jackman,"Viola Davis,Melissa Leo",1
Jake Gyllenhaal,"Viola Davis,Melissa Leo",1
Hugh Jackman,Jake Gyllenhaal,1
"Viola Davis,Melissa Leo",Jake Gyllenhaal,1
Mark Ruffalo,Robert Downey Jr.,1
Chris Hemsworth,Robert Downey Jr.,1
Robert Downey Jr.,Mark Ruffalo,1
Chris Hemsworth,Mark Ruffalo,1
Chris Evans,Mark Ruffalo,1
Robert Downey Jr.,Chris Hemsworth,1
Mark Ruffalo,Chris Hemsworth,1
Chris Evans,Chris Hemsworth,1
Mark Ruffalo,Chris Evans,1
Chris Hemsworth,Chris Evans,1
Bryce Dallas Howard,"Ty Simpkins,Judy Greer",1
Chris Pratt,"Ty Simpkins,Judy Greer",1
"Ty Simpkins,Judy Greer",Bryce Dallas Howard,1
Chris Pratt,Bryce Dallas Howard,1
"Ty Simpkins,Judy Greer",Chris Pratt,1
Bryce Dallas Howard,Chris Pratt,1
Lars E_idinger,Kristen Stewart,1
"Sigr_id Bouaziz,Anders Danielsen Lie",Kristen Stewart,1
Kristen Stewart,Lars E_idinger,1
"Sigr_id Bouaziz,Anders Danielsen Lie",Lars E_idinger,1
Kristen Stewart,"Sigr_id Bouaziz,Anders Danielsen Lie",1
Lars E_idinger,"Sigr_id Bouaziz,Anders Danielsen Lie",1